in_source,in_amount_mmol,p_source,p_amount_mmol,sol,sol_amount_ml,second_sol,second_sol_amount_ml,acid,acid_amount_mmol,ligand_source,ligand_amount_mmol,other_1,other_1_amount_mmol,other_2,other_2_amount_mmol,total_volume_ml,temp_c,time_min,diameter_nm,abs_nm,emission_nm
indium myristate,0.1,tris(trimethylsilyl)phosphine,0.1,octadecene,8,None,0,None,0,dodecanethiol,0.05,zinc stearate,0.1,None,0,8.012,300,30,2.3,436,481
indium chloride,1.81,tris(dimethylamino)phosphine,2.75,toluene,5,None,0,None,0,dodecylamine,27,None,0,None,0,11.198,180,1440,2.3,512,None
chloroindium oxalate,0.88,tris(trimethylsilyl)phosphine,1.4,trioctylphosphine,6.016847172,trioctylphosphine oxide,5.555555556,None,0,None,0,None,0,None,0,11.573,270,4320,2.52,520,None
indium oxalate,2.33,tris(trimethylsilyl)phosphine,3,trioctylphosphine,10.95066185,trioctylphosphine oxide,1.011111111,None,0,None,0,None,0,None,0,11.962,250,4320,2.6,517,600
chloroindium oxalate,0.88,tris(trimethylsilyl)phosphine,0.52,trioctylphosphine,6.016847172,trioctylphosphine oxide,5.555555556,None,0,None,0,None,0,None,0,11.573,270,4320,2.6,530,None
chloroindium oxalate,1.05,tris(trimethylsilyl)phosphine,1.4,trioctylphosphine oxide,0.222222222,None,0,None,0,None,0,None,0,None,0,0.223,270,4320,2.61,610,None
chloroindium oxalate,0.88,tris(trimethylsilyl)phosphine,1.4,trioctylphosphine,6.016847172,trioctylphosphine oxide,5.555555556,None,0,None,0,None,0,None,0,11.573,270,8640,2.66,590,None
indium acetate,0.7,tris(trimethylsilyl)phosphine,0.35,octadecene,40,None,0,palmitic acid,2.1,None,0,None,0,None,0,40,270,180,2.7,532,591
indium myristate,0.3,tris(trimethylsilyl)phosphine,0.15,octadecene,4,trioctylphosphine,1,None,0,None,0,None,0,None,0,5,210,20,2.7,551,612
indium oxalate,2.33,tris(trimethylsilyl)phosphine,3,trioctylphosphine,10.95066185,trioctylphosphine oxide,1.011111111,None,0,None,0,None,0,None,0,11.962,260,4320,3,577,646
indium chloride,1.81,tris(dimethylamino)phosphine,2.75,toluene,5,None,0,None,0,dodecylamine,27,None,0,None,0,11.198,180,1440,3.2,599,590
indium acetate,0.5,phosphorus trichloride,0.5,octadecene,34,None,0,stearic acid,1.5,dioctyl ether,3,None,0,None,0,34.901,250,240,3.5,562,618
indium oxalate,2.33,tris(trimethylsilyl)phosphine,3,trioctylphosphine,10.95066185,trioctylphosphine oxide,1.011111111,None,0,None,0,None,0,None,0,11.962,270,4320,3.5,590,677
chloroindium oxalate,1.76,tris(trimethylsilyl)phosphine,1.04,trioctylphosphine,2.406738869,trioctylphosphine oxide,0.222222222,None,0,None,0,None,0,None,0,2.629,270,4320,3.5,595,None
indium myristate,0.3,tris(trimethylgermyl)phosphine,0.15,octadecene,4,trioctylphosphine,1,None,0,None,0,None,0,None,0,5,210,20,3.6,578,641
indium acetate,0.4,tris(trimethylsilyl)phosphine,0.2,octadecene,6.5,None,0,myristic acid,1.7,octylamine,1.52,None,0,None,0,6.752,180,10,3.7,580,588
indium acetate,1,tris(trimethylsilyl)phosphine,0.499,octadecene,75,None,0,myristic acid,3,None,0,None,0,None,0,75,270,180,4,585,630
indium oxalate,2.33,tris(trimethylsilyl)phosphine,3,trioctylphosphine,10.95066185,trioctylphosphine oxide,1.011111111,None,0,None,0,None,0,None,0,11.962,280,4320,4.2,626,729
chloroindium oxalate,1.76,tris(trimethylsilyl)phosphine,1.04,trioctylphosphine,2.406738869,trioctylphosphine oxide,0.222222222,None,0,None,0,None,0,None,0,2.629,300,4320,4.6,685,None
indium oxalate,2.33,tris(trimethylsilyl)phosphine,3,trioctylphosphine,10.95066185,trioctylphosphine oxide,1.011111111,None,0,None,0,None,0,None,0,11.962,290,4320,4.8,689,765
indium chloride,10,sodium phosphide,10,4-ethylpyridine,50,trioctylphosphine,20,None,0,None,0,None,0,None,0,70,130,2880,5,587,None
indium oxalate,2.33,tris(trimethylsilyl)phosphine,3,trioctylphosphine,10.95066185,trioctylphosphine oxide,1.011111111,None,0,None,0,None,0,None,0,11.962,300,4320,6,729,775
indium trifluoroacetate,0.11,tris(trimethylsilyl)phosphine,0.1,octadecene,7,None,0,myristic acid,0.3,None,0,None,0,None,0,7,270,240,8.3,532,590
indium chloride,10,sodium phosphide,11.3,dimethylformamide,90,None,0,None,0,None,0,None,0,None,0,90,160,120,None,465,550
indium laurate,0.5,tris(trimethylsilyl)phosphine,0.25,octadecene,44,None,0,None,0,None,0,None,0,None,0,44,245,5,None,499,552
indium laurate,0.5,tris(trimethylsilyl)phosphine,0.25,octadecene,44,None,0,None,0,None,0,None,0,None,0,44,245,10,None,519,562
indium myristate,0.3,tris(trimethylsilyl)phosphine,0.15,octadecene,4,trioctylphosphine,1,None,0,None,0,None,0,None,0,5,210,10,None,511,572
indium laurate,0.5,tris(trimethylsilyl)phosphine,0.25,octadecene,44,None,0,None,0,None,0,None,0,None,0,44,245,15,None,530,575
indium myristate,0.3,tris(trimethylsilyl)phosphine,0.15,octadecene,4,trioctylphosphine,1,None,0,None,0,None,0,None,0,5,210,14,None,532,581
indium myristate,0.3,tris(trimethylgermyl)phosphine,0.15,octadecene,4,trioctylphosphine,1,None,0,None,0,None,0,None,0,5,210,10,None,529,582
indium laurate,0.5,tris(trimethylsilyl)phosphine,0.25,octadecene,44,None,0,None,0,None,0,None,0,None,0,44,245,180,None,549,592
indium myristate,0.3,tris(trimethylgermyl)phosphine,0.15,octadecene,4,trioctylphosphine,1,None,0,None,0,None,0,None,0,5,210,14,None,552,601
indium stearate,0.25,tris(trimethylsilyl)phosphine,0.125,octadecene,44,None,0,None,0,None,0,None,0,None,0,44,260,1,None,456,607
chloroindium oxalate,4.2,tris(trimethylsilyl)phosphine,2.07,trioctylphosphine,6,trioctylphosphine oxide,11.11111111,None,0,None,0,None,0,None,0,17.112,280,4320,None,599,612
indium stearate,0.25,tris(trimethylsilyl)phosphine,0.125,octadecene,44,None,0,None,0,None,0,None,0,None,0,44,260,2.5,None,487,635
indium stearate,0.25,tris(trimethylsilyl)phosphine,0.125,octadecene,44,None,0,None,0,None,0,None,0,None,0,44,290,1,None,495,669
indium myristate,0.25,tris(trimethylsilyl)phosphine,0.125,octadecene,44,None,0,None,0,None,0,None,0,None,0,44,270,1,None,484,691
indium stearate,0.25,tris(trimethylsilyl)phosphine,0.125,octadecene,44,None,0,None,0,None,0,None,0,None,0,44,290,2.5,None,502,696
indium stearate,0.25,tris(trimethylsilyl)phosphine,0.125,octadecene,44,None,0,None,0,None,0,None,0,None,0,44,290,5,None,530,706
indium stearate,0.25,tris(trimethylsilyl)phosphine,0.125,octadecene,44,None,0,None,0,None,0,None,0,None,0,44,290,10,None,483,722
indium myristate,0.25,tris(trimethylsilyl)phosphine,0.125,octadecene,44,None,0,None,0,None,0,None,0,None,0,44,290,1,None,507,724
indium stearate,0.25,tris(trimethylsilyl)phosphine,0.125,octadecene,44,None,0,None,0,None,0,None,0,None,0,44,290,15,None,510,725
indium myristate,0.25,tris(trimethylsilyl)phosphine,0.125,octadecene,44,None,0,None,0,None,0,None,0,None,0,44,260,1,None,499,729
indium myristate,0.25,tris(trimethylsilyl)phosphine,0.125,octadecene,44,None,0,None,0,None,0,None,0,None,0,44,280,1,None,500,736
indium myristate,0.25,tris(trimethylsilyl)phosphine,0.125,octadecene,44,None,0,None,0,None,0,None,0,None,0,44,250,5,None,493,736
indium myristate,0.25,tris(trimethylsilyl)phosphine,0.125,octadecene,44,None,0,None,0,None,0,None,0,None,0,44,290,2.5,None,522,745
indium myristate,0.25,tris(trimethylsilyl)phosphine,0.125,octadecene,44,None,0,None,0,None,0,None,0,None,0,44,270,5,None,506,747
indium myristate,0.25,tris(trimethylsilyl)phosphine,0.125,octadecene,44,None,0,None,0,None,0,None,0,None,0,44,260,5,None,520,751
indium myristate,0.25,tris(trimethylsilyl)phosphine,0.125,octadecene,44,None,0,None,0,None,0,None,0,None,0,44,270,10,None,511,765
indium myristate,0.25,tris(trimethylsilyl)phosphine,0.125,octadecene,44,None,0,None,0,None,0,None,0,None,0,44,250,15,None,502,765
indium myristate,0.25,tris(trimethylsilyl)phosphine,0.125,octadecene,44,None,0,None,0,None,0,None,0,None,0,44,280,5,None,527,772
indium myristate,0.25,tris(trimethylsilyl)phosphine,0.125,octadecene,44,None,0,None,0,None,0,None,0,None,0,44,250,30,None,513,785
indium myristate,0.25,tris(trimethylsilyl)phosphine,0.125,octadecene,44,None,0,None,0,None,0,None,0,None,0,44,260,15,None,529,788
indium chloride,0.2,tris(trimethylsilyl)phosphine,0.2,octadecene,6.5,None,0,myristic acid,0.7,octylamine,1.2,acetic acid,0.6,None,0,6.699,130,30,None,408,None
indium acetate,0.5,phosphorus trichloride,0.5,octadecene,34,None,0,stearic acid,1.5,dioctyl ether,3,None,0,None,0,34.901,210,60,None,473,None
indium acetate,0.5,phosphorus trichloride,0.5,octadecene,34,None,0,stearic acid,1.5,dioctyl ether,3,None,0,None,0,34.901,230,60,None,524,None
indium acetate,0.5,phosphorus trichloride,0.5,octadecene,34,None,0,stearic acid,1.5,dioctyl ether,3,None,0,None,0,34.901,250,60,None,538,None
indium acetate,0.5,phosphorus trichloride,0.5,octadecene,34,None,0,stearic acid,1.5,dioctyl ether,3,None,0,None,0,34.901,270,60,None,576,None
indium acetate,0.5,phosphorus trichloride,0.5,octadecene,34,None,0,stearic acid,1.5,dioctyl ether,3,None,0,None,0,34.901,290,60,None,578,None
indium acetate,0.1,tris(trimethylsilyl)phosphine,0.05,octadecene,7.6,None,0,lauric acid,0.3,None,0,None,0,None,0,7.6,270,5,None,571,None
indium acetate,0.1,tris(trimethylsilyl)phosphine,0.05,octadecene,7.6,None,0,myristic acid,0.3,None,0,None,0,None,0,7.6,270,5,None,500,None
indium acetate,0.1,tris(trimethylsilyl)phosphine,0.05,octadecene,7.6,None,0,myristic acid,0.3,None,0,None,0,None,0,7.6,270,5,None,510,None
indium acetate,0.1,tris(trimethylsilyl)phosphine,0.05,octadecene,7.6,None,0,palmitic acid,0.3,None,0,None,0,None,0,7.6,270,5,None,500,None
indium acetate,0.1,tris(trimethylsilyl)phosphine,0.05,octadecene,7.6,None,0,stearic acid,0.3,None,0,None,0,None,0,7.6,270,5,None,496,None
indium trifluoroacetate,0.11,tris(trimethylsilyl)phosphine,0.1,octadecene,7,None,0,myristic acid,0.3,None,0,None,0,None,0,7,270,6,None,570,None
indium acetate,0.1,tris(trimethylsilyl)phosphine,0.05,octadecene,7.6,None,0,lauric acid,0.3,None,0,None,0,None,0,7.6,270,15,None,574,None
indium acetate,0.1,tris(trimethylsilyl)phosphine,0.05,octadecene,7.6,None,0,myristic acid,0.3,None,0,None,0,None,0,7.6,270,15,None,540,None
indium acetate,0.1,tris(trimethylsilyl)phosphine,0.05,octadecene,7.6,None,0,myristic acid,0.3,None,0,None,0,None,0,7.6,270,15,None,531,None
indium acetate,0.1,tris(trimethylsilyl)phosphine,0.05,octadecene,7.6,None,0,myristic acid,0.45,None,0,None,0,None,0,7.6,270,15,None,580,None
indium acetate,0.1,tris(trimethylsilyl)phosphine,0.05,octadecene,7.6,None,0,palmitic acid,0.3,None,0,None,0,None,0,7.6,270,15,None,539,None
indium acetate,0.1,tris(trimethylsilyl)phosphine,0.05,octadecene,7.6,None,0,stearic acid,0.3,None,0,None,0,None,0,7.6,270,15,None,509,None
indium acetate,0.1,tris(trimethylsilyl)phosphine,0.05,octadecene,7.6,None,0,lauric acid,0.3,None,0,None,0,None,0,7.6,270,30,None,574,None
indium acetate,0.1,phosphine gas,0.3,octadecene,8.62,None,0,myristic acid,0.3,None,0,None,0,None,0,8.62,290,30,None,631,None
indium acetate,0.1,tris(trimethylsilyl)phosphine,0.05,octadecene,7.6,None,0,myristic acid,0.3,None,0,None,0,None,0,7.6,270,30,None,548,None
indium acetate,0.1,tris(trimethylsilyl)phosphine,0.05,octadecene,7.6,None,0,myristic acid,0.3,None,0,None,0,None,0,7.6,270,30,None,538,None
indium acetate,0.1,tris(trimethylsilyl)phosphine,0.05,octadecene,7.6,None,0,myristic acid,0.45,None,0,None,0,None,0,7.6,270,30,None,580,None
indium acetate,0.1,tris(trimethylsilyl)phosphine,0.05,octadecene,7.6,None,0,palmitic acid,0.3,None,0,None,0,None,0,7.6,270,30,None,549,None
indium acetate,0.1,tris(trimethylsilyl)phosphine,0.05,octadecene,7.6,None,0,stearic acid,0.3,None,0,None,0,None,0,7.6,270,30,None,518,None
indium trifluoroacetate,0.11,tris(trimethylsilyl)phosphine,0.1,octadecene,7,None,0,myristic acid,0.3,None,0,None,0,None,0,7,270,60,None,562,None
indium acetate,0.1,tris(trimethylsilyl)phosphine,0.05,octadecene,7.6,None,0,myristic acid,0.45,None,0,None,0,None,0,7.6,270,120,None,592,None
indium trifluoroacetate,0.11,tris(trimethylsilyl)phosphine,0.1,octadecene,7,None,0,myristic acid,0.3,None,0,None,0,None,0,7,270,120,None,549,None
indium acetate,0.1,tris(trimethylsilyl)phosphine,0.05,octadecene,7.6,None,0,lauric acid,0.3,None,0,None,0,None,0,7.6,270,180,None,575,None
indium acetate,0.1,tris(trimethylsilyl)phosphine,0.05,octadecene,7.6,None,0,myristic acid,0.3,None,0,None,0,None,0,7.6,270,180,None,550,None
indium acetate,0.1,tris(trimethylsilyl)phosphine,0.05,octadecene,7.6,None,0,myristic acid,0.3,None,0,None,0,None,0,7.6,270,180,None,550,None
indium acetate,0.1,tris(trimethylsilyl)phosphine,0.05,octadecene,7.6,None,0,palmitic acid,0.3,None,0,None,0,None,0,7.6,270,180,None,551,None
indium acetate,0.1,tris(trimethylsilyl)phosphine,0.05,octadecene,7.6,None,0,stearic acid,0.3,None,0,None,0,None,0,7.6,270,180,None,538,None
indium acetate,2,tris(trimethylsilyl)phosphine,0.3,octadecene,6.5,None,0,myristic acid,7.7,octylamine,3.6,None,0,None,0,7.095,178,0.2,None,498,None
indium acetate,2,tris(trimethylsilyl)phosphine,0.3,octadecene,6.5,None,0,myristic acid,7.25,octylamine,3.6,None,0,None,0,7.095,178,0.2,None,476,None
indium acetate,2,tris(trimethylsilyl)phosphine,0.3,octadecene,6.5,None,0,myristic acid,8.2,octylamine,3.61,None,0,None,0,7.097,178,0.2,None,491,None
indium acetate,0.4,tris(trimethylsilyl)phosphine,0.2,octadecene,6.5,None,0,myristic acid,1.7,octylamine,1.52,None,0,None,0,6.752,180,1,None,492,None
indium acetate,0.4,tris(trimethylsilyl)phosphine,0.2,octadecene,6.5,None,0,myristic acid,1.7,octylamine,1.52,None,0,None,0,6.752,150,1,None,397,None
indium acetate,2,tris(trimethylsilyl)phosphine,0.3,octadecene,6.5,None,0,myristic acid,7.7,octylamine,3.6,None,0,None,0,7.095,178,1,None,530,None
indium acetate,2,tris(trimethylsilyl)phosphine,0.3,octadecene,6.5,None,0,myristic acid,7.25,octylamine,3.6,None,0,None,0,7.095,178,1,None,497,None
indium acetate,2,tris(trimethylsilyl)phosphine,0.3,octadecene,6.5,None,0,myristic acid,8.2,octylamine,3.61,None,0,None,0,7.097,178,1,None,522,None
indium acetate,0.2,tris(trimethylsilyl)phosphine,0.2,octadecene,6.5,None,0,myristic acid,0.7,octylamine,1.2,None,0,None,0,6.699,130,1,None,419,None
indium acetate,0.2,tris(trimethylsilyl)phosphine,0.2,octadecene,6.5,None,0,myristic acid,0.7,octylamine,1.2,None,0,None,0,6.699,150,1,None,431,None
indium acetate,0.2,tris(trimethylsilyl)phosphine,0.2,octadecene,6.5,None,0,myristic acid,0.7,octylamine,1.2,None,0,None,0,6.699,170,1,None,446,None
indium acetate,0.4,tris(trimethylsilyl)phosphine,0.2,octadecene,6.5,None,0,myristic acid,1.7,octylamine,1.52,None,0,None,0,6.752,150,10,None,462,None
indium acetate,2,tris(trimethylsilyl)phosphine,0.3,octadecene,6.5,None,0,myristic acid,7.25,octylamine,3.6,None,0,None,0,7.095,178,10,None,509,None
indium acetate,2,tris(trimethylsilyl)phosphine,0.3,octadecene,6.5,None,0,myristic acid,8.2,octylamine,3.61,None,0,None,0,7.097,178,10,None,613,None
indium acetate,2,tris(trimethylsilyl)phosphine,0.3,octadecene,6.5,None,0,myristic acid,7.7,octylamine,3.6,None,0,None,0,7.095,178,20,None,590,None
indium acetate,0.4,tris(trimethylsilyl)phosphine,0.2,octadecene,6.5,None,0,myristic acid,1.7,octylamine,1.52,None,0,None,0,6.752,150,30,None,500,None
indium acetate,2,tris(trimethylsilyl)phosphine,0.3,octadecene,6.5,None,0,myristic acid,7.7,octylamine,3.6,None,0,None,0,7.095,178,30,None,605,None
indium acetate,2,tris(trimethylsilyl)phosphine,0.3,octadecene,6.5,None,0,myristic acid,7.25,octylamine,3.6,None,0,None,0,7.095,178,30,None,518,None
indium acetate,2,tris(trimethylsilyl)phosphine,0.3,octadecene,6.5,None,0,myristic acid,8.2,octylamine,3.61,None,0,None,0,7.097,178,30,None,681,None
indium acetate,0.2,tris(trimethylsilyl)phosphine,0.2,octadecene,6.5,None,0,myristic acid,0.7,octylamine,1.2,None,0,None,0,6.699,170,30,None,468,None
indium acetate,0.2,tris(trimethylsilyl)phosphine,0.2,octadecene,6.5,None,0,myristic acid,0.7,octylamine,1.2,None,0,None,0,6.699,150,30,None,432,None
indium acetate,0.2,tris(trimethylsilyl)phosphine,0.2,octadecene,6.5,None,0,myristic acid,0.7,octylamine,1.2,None,0,None,0,6.699,130,30,None,412,None
indium chloride,0.2,tris(trimethylsilyl)phosphine,0.2,octadecene,6.5,None,0,myristic acid,0.7,octylamine,1.2,None,0,None,0,6.699,130,30,None,502,None
indium acetate,2,tris(trimethylsilyl)phosphine,0.3,octadecene,6.5,None,0,myristic acid,7.7,octylamine,3.6,None,0,None,0,7.095,178,60,None,625,None
indium acetate,2,tris(trimethylsilyl)phosphine,0.3,octadecene,6.5,None,0,myristic acid,7.25,octylamine,3.6,None,0,None,0,7.095,178,60,None,520,None
indium acetate,2,tris(trimethylsilyl)phosphine,0.3,octadecene,6.5,None,0,myristic acid,8.2,octylamine,3.61,None,0,None,0,7.097,178,60,None,692,None
indium acetate,0.4,tris(trimethylsilyl)phosphine,0.2,octadecene,6.5,None,0,myristic acid,1.7,octylamine,1.52,None,0,None,0,6.752,180,120,None,626,None
indium acetate,0.4,tris(trimethylsilyl)phosphine,0.2,octadecene,6.5,None,0,myristic acid,1.7,octylamine,1.52,None,0,None,0,6.752,150,120,None,574,None
indium chloride,0.3,tris(dimethylamino)phosphine,0.08,None,0,None,0,None,0,oleylamine,15.2,zinc chloride,2.2,water,1.2,5.002,180,15,1.75,481,None
indium acetate,0.15,tris(trimethylsilyl)phosphine,0.1,octadecene,10,trioctylphosphine,1,palmitic acid,0.45,None,0,None,0,None,0,11,305,2,1.8,472,None
"indium tris(N,N-diisopropylacetamidinato)",0.9,tris(trimethylsilyl)phosphine,0.15,mesitylene,5,None,0,palmitic acid,0.3,hexadecylamine,0.3,None,0,None,0,5.077,150,1260,2,523,None
indium acetate,0.1,phosphine gas,3,octadecene,2,None,0,myristic acid,0.3,None,0,None,0,None,0,2,200,15,2.5,601,None
indium chloride,0.3,tris(dimethylamino)phosphine,0.08,None,0,None,0,None,0,oleylamine,15.2,zinc chloride,2.2,None,0,5.002,180,15,2.6,547,None
indium iodide,0.45,tris(diethylamino)phosphine,1.62,None,0,None,0,None,0,oleylamine,15,zinc chloride,2.2,None,0,4.936,180,30,2.8,509,None
indium bromide,0.45,tris(diethylamino)phosphine,1.62,None,0,None,0,None,0,oleylamine,15,zinc chloride,2.2,None,0,4.936,180,30,3,562,None
indium chloride,0.23,tris(diethylamino)phosphine,0.8,None,0,None,0,None,0,oleylamine,7.5,zinc chloride,1.1,None,0,2.468,180,20,3.2,None,None
indium chloride,0.45,tris(diethylamino)phosphine,1.62,None,0,None,0,None,0,oleylamine,15,zinc chloride,2.2,None,0,4.936,180,30,3.2,570,None
indium chloride,0.3,tris(dimethylamino)phosphine,1.2,None,0,None,0,None,0,oleylamine,4.3,zinc chloride,0.3,trioctylamine,4.3,1.415,220,0.5,3.6,492,None
"indium tris(N,N-diisopropylacetamidinato)",0.9,tris(trimethylsilyl)phosphine,0.15,mesitylene,5,None,0,palmitic acid,0.3,hexadecylamine,0.3,None,0,None,0,5.077,230,1260,4.1,584,None
indium acetate,0.1,phosphine gas,3,octadecene,2,None,0,myristic acid,0.3,None,0,None,0,None,0,2,260,15,4.3,620,None
indium chloride,0.3,tris(dimethylamino)phosphine,1.2,None,0,None,0,None,0,oleylamine,4.3,zinc chloride,0.3,trioctylamine,4.3,1.415,220,0.5,4.6,611,None
indium chloride,0.5,tris(trimethylsilyl)phosphine,0.6,octadecene,15,trioctylphosphine,0.268,None,0,oleylamine,1,zinc undecylenate,0.5,None,0,15.598,230,10,None,462,522
indium chloride,0.5,tris(trimethylsilyl)phosphine,0.4,octadecene,15,None,0,None,0,oleylamine,1,zinc undecylenate,0.5,None,0,15.33,230,10.5,None,463,572
indium chloride,0.5,tris(trimethylsilyl)phosphine,0.6,octadecene,15,trioctylphosphine,0.27,None,0,oleylamine,1,zinc undecylenate,0.5,None,0,15.6,230,40,None,505,574
indium chloride,0.5,tris(trimethylsilyl)phosphine,0.4,octadecene,15,None,0,None,0,oleylamine,1,zinc undecylenate,0.5,None,0,15.33,230,40,None,476,591
indium acetate,0.4,bis(trimethylsilyl)phosphine,0.2,octadecene,7.6,None,0,myristic acid,1.45,None,0,None,0,None,0,7.6,285,8,None,537,None
indium acetate,0.4,tris(trimethylsilyl)phosphine,0.2,octadecene,7.6,None,0,myristic acid,1.45,None,0,None,0,None,0,7.6,285,8,None,537,None
indium acetate,0.15,tris(trimethylsilyl)phosphine,0.1,octadecene,10,trioctylphosphine,1,palmitic acid,0.45,None,0,None,0,None,0,11,305,15,None,486,None
indium acetate,0.15,tris(trimethylsilyl)phosphine,0.1,octadecene,10,trioctylphosphine,1,palmitic acid,0.45,None,0,None,0,None,0,11,305,180,None,499,None
indium chloride,0.88,tris(dimethylamino)phosphine,1.38,None,0,None,0,None,0,oleylamine,15.2,None,0,None,0,5.002,220,1,None,571,None
indium chloride,0.88,tris(dimethylamino)phosphine,1.38,None,0,None,0,None,0,oleylamine,15.2,None,0,None,0,5.002,220,30,None,602,None
indium acetate,0.4,tris(trimethylsilyl)phosphine,0.2,octadecene,7.6,None,0,None,0,None,0,tetrabutylammonium myristate,0.24,None,0,7.6,285,8,None,545,None
indium chloride,0.88,tris(dimethylamino)phosphine,1.38,None,0,None,0,None,0,oleylamine,15.2,zinc chloride,0.9,None,0,5.002,220,1,None,537,None
indium chloride,0.88,tris(dimethylamino)phosphine,1.38,None,0,None,0,None,0,oleylamine,15.2,zinc chloride,1.32,None,0,5.002,220,1,None,532,None
indium chloride,0.3,tris(dimethylamino)phosphine,0.08,None,0,None,0,None,0,oleylamine,15.2,zinc chloride,2.2,None,0,5.002,180,1,None,461,None
indium chloride,0.3,tris(dimethylamino)phosphine,0.08,None,0,None,0,None,0,oleylamine,15.2,zinc chloride,2.2,water,1.2,5.002,180,1,None,438,None
indium chloride,0.3,tris(dimethylamino)phosphine,0.08,None,0,None,0,None,0,oleylamine,15.2,zinc chloride,2.2,None,0,5.002,180,3,None,496,None
indium chloride,0.3,tris(dimethylamino)phosphine,0.08,None,0,None,0,None,0,oleylamine,15.2,zinc chloride,2.2,water,1.2,5.002,180,3,None,460,None
indium chloride,0.88,tris(dimethylamino)phosphine,1.38,None,0,None,0,None,0,oleylamine,15.2,zinc chloride,0.9,None,0,5.002,220,30,None,572,None
indium chloride,0.88,tris(dimethylamino)phosphine,1.38,None,0,None,0,None,0,oleylamine,15.2,zinc chloride,1.32,None,0,5.002,220,30,None,575,None
indium acetate,0.4,tris(trimethylsilyl)phosphine,0.4,octadecene,3,None,0,None,0,oleylamine,1.5,None,0,None,0,3.494,178,4,1.5,445,568
indium chloride,1.8,tris(dimethylamino)phosphine,3.84,None,0,trioctylphosphine,1.3,None,0,oleylamine,12,zinc chloride,4.4,None,0,5.249,180,2,2.2,444,None
indium acetate,1.2,tris(trimethylsilyl)phosphine,1.2,octadecene,3,None,0,None,0,oleylamine,1.5,None,0,None,0,3.494,178,32,2.5,543,589
indium chloride,0.45,tris(dimethylamino)phosphine,2.48,None,0,None,0,None,0,oleylamine,6.15,zinc chloride,2.2,None,0,2.024,200,20,2.6,553,592
indium myristate,2,tris(trimethylsilyl)phosphine,0.15,octadecene,5,trioctylphosphine,1,None,0,None,0,None,0,None,0,6,300,30,3,547,590
indium acetate,4,tris(trimethylsilyl)phosphine,2,octadecene,10.14,None,0,oleic acid,14.5,None,0,None,0,None,0,15,305,20,3.1,555,595
indium acetate,0.2,tris(trimethylsilyl)phosphine,0.1,octadecene,10,None,0,myristic acid,0.6,None,0,None,0,None,0,10,300,20,4,525,558
indium acetate,1.2,tris(trimethylsilyl)phosphine,1.2,octadecene,3,None,0,None,0,dioctylamine,0.5,None,0,None,0,3.151,178,840,6.7,622,680
indium iodide,0.3,white phosphorus,0.299,None,0,None,0,None,0,oleylamine,4.06,zinc iodide,1.47,None,0,1.336,180,30,None,430,482
indium chloride,0.3,white phosphorus,0.45,None,0,None,0,None,0,oleylamine,4.06,zinc chloride,1.47,None,0,1.336,150,30,None,492,529
indium chloride,0.3,white phosphorus,0.45,None,0,None,0,None,0,oleylamine,4.06,zinc chloride,1.47,None,0,1.336,180,30,None,522,555
indium chloride,0.3,white phosphorus,0.45,None,0,None,0,None,0,oleylamine,0.8,zinc chloride,1.47,None,0,0.264,180,30,None,560,595
indium chloride,0.3,white phosphorus,0.45,None,0,None,0,None,0,oleylamine,0.8,zinc chloride,1.47,None,0,0.264,210,30,None,590,635
indium paltimate,0.15,tris(trimethylsilyl)phosphine,0.12,octadecene,16,trioctylphosphine,2,None,0,None,0,None,0,None,0,18,305,10,None,480,None
indium chloride,2.26,tris(trimethylsilyl)phosphine,2,trioctylphosphine,8,trioctylphosphine oxide,0.83,None,0,None,0,None,0,None,0,8.83,270,1140,5,633,653
indium chloride,0.45,tris(dimethylamino)phosphine,1.926,None,0,None,0,None,0,oleylamine,7.4,zinc iodide,2.2,None,0,2.435,170,10,7,478,518
indium acetate,1.2,tris(trimethylsilyl)phosphine,0.607,octadecene,12,None,0,stearic acid,3.6,None,0,None,0,None,0,12,230,15,None,498,542
indium acetate,1.2,tris(trimethylsilyl)phosphine,0.607,octadecene,12,None,0,palmitic acid,3.6,None,0,None,0,None,0,12,230,5,None,502,548
indium myristate,0.1,tris(trimethylsilyl)phosphine,0.1,octadecene,8.5,None,0,None,0,None,0,zinc stearate,0.1,None,0,8.5,300,20,None,500,550
indium acetate,1.2,tris(trimethylsilyl)phosphine,0.607,octadecene,12,None,0,myristic acid,3.6,None,0,None,0,None,0,12,230,5,None,512,554
indium acetate,1.2,tris(trimethylsilyl)phosphine,0.607,octadecene,12,None,0,oleic acid,3.6,None,0,None,0,None,0,12,230,15,None,512,558
indium chloride,0.45,tris(dimethylamino)phosphine,1.926,None,0,None,0,None,0,oleylamine,7.4,zinc chloride,2.2,None,0,2.435,170,10,None,576,628
indium chloride,0.9,tris(diethylamino)phosphine,3.2,None,0,None,0,None,0,oleylamine,17.2,zinc chloride,4.4,None,0,5.66,180,5,None,515,None
indium chloride,0.9,tris(diethylamino)phosphine,3.2,None,0,None,0,None,0,oleylamine,17.2,zinc chloride,4.4,None,0,5.66,220,5,None,552,None
indium chloride,0.9,tris(diethylamino)phosphine,3.2,None,0,None,0,None,0,oleylamine,17.2,zinc chloride,4.4,None,0,5.66,160,10,None,455,None
indium chloride,0.9,tris(diethylamino)phosphine,3.2,None,0,None,0,None,0,oleylamine,17.2,zinc chloride,4.4,None,0,5.66,180,10,None,523,None
indium chloride,0.9,tris(diethylamino)phosphine,3.2,None,0,None,0,None,0,oleylamine,17.2,zinc chloride,4.4,None,0,5.66,220,10,None,569,None
indium chloride,0.9,tris(diethylamino)phosphine,3.2,None,0,None,0,None,0,oleylamine,17.2,zinc chloride,4.4,None,0,5.66,160,20,None,468,None
indium chloride,0.9,tris(diethylamino)phosphine,3.2,None,0,None,0,None,0,oleylamine,17.2,zinc chloride,4.4,None,0,5.66,180,20,None,544,None
indium chloride,0.9,tris(diethylamino)phosphine,3.2,None,0,None,0,None,0,oleylamine,17.2,zinc chloride,4.4,None,0,5.66,220,20,None,592,None
indium chloride,0.9,tris(diethylamino)phosphine,3.2,None,0,None,0,None,0,oleylamine,17.2,zinc chloride,4.4,None,0,5.66,140,30,None,440,None
indium chloride,0.9,tris(diethylamino)phosphine,3.2,None,0,None,0,None,0,oleylamine,17.2,zinc chloride,4.4,None,0,5.66,140,30,None,410,None
indium chloride,0.9,tris(diethylamino)phosphine,3.2,None,0,None,0,None,0,oleylamine,17.2,zinc chloride,4.4,None,0,5.66,160,30,None,492,None
indium chloride,0.9,tris(diethylamino)phosphine,3.2,None,0,None,0,None,0,oleylamine,17.2,zinc chloride,4.4,None,0,5.66,180,30,None,550,None
indium chloride,0.9,tris(diethylamino)phosphine,3.2,None,0,None,0,None,0,oleylamine,17.2,zinc chloride,4.4,None,0,5.66,220,30,None,600,None
indium acetate,0.6,tris(trimethylsilyl)phosphine,0.4,octadecene,10,trioctylphosphine,1,lauric acid,1.8,None,0,zinc acetate,1.2,oleic acid,2.4,11,240,60,2,430,477
indium chloride,0.45,tris(dimethylamino)phosphine,1.6,None,0,None,0,None,0,oleylamine,6.15,zinc chloride,2.2,None,0,2.024,180,30,2.48,None,None
indium chloride,0.45,tris(dimethylamino)phosphine,1.93,None,0,None,0,None,0,oleylamine,15.2,zinc chloride,2.2,copper bromide,0.45,5.002,200,60,2,420,422
indium acetate,0.6,tris(trimethylsilyl)phosphine,0.4,octadecene,10,trioctylphosphine,1,lauric acid,1.8,None,None,zinc oleate,1.2,None,0,11,240,60,2,430,477
indium acetate,3,tris(trimethylsilyl)phosphine,1.5,octadecene,45,trioctylphosphine,3,oleic acid,9,None,0,None,0,None,0,48,260,60,2.4,None,None
indium acetate,4,tris(trimethylsilyl)phosphine,2,octadecene,100,trioctylphosphine,10,palmitic acid,12,None,0,None,0,None,0,110,260,40,2.7,500,None
indium chloride,0.45,tris(dimethylamino)phosphine,1.38,None,0,None,0,None,0,dodecylamine,3.7,zinc chloride,2.2,None,0,0.85,180,5,3.2,550,None
indium chloride,0.225,tris(diethylamino)phosphine,0.8,None,0,None,0,None,0,oleylamine,7.5,zinc chloride,1.1,None,0,2.468,180,30,3.2,560,None
indium chloride,0.45,tris(dimethylamino)phosphine,1.93,None,0,None,0,None,0,oleylamine,15.2,zinc chloride,2.2,None,0,5.002,200,60,None,590,625
indium acetate,4,tris(trimethylsilyl)phosphine,2,octadecene,100,trioctylphosphine,10,palmitic acid,12,None,0,None,0,None,0,110,260,1,None,465,None
indium acetate,4,tris(trimethylsilyl)phosphine,2,octadecene,100,trioctylphosphine,10,palmitic acid,12,None,0,None,0,None,0,110,260,20,None,495,None
indium chloride,0.9,tris(dimethylamino)phosphine,1.4,None,0,None,0,None,0,oleylamine,15.2,zinc chloride,0.9,None,0,5.002,220,0.5,2.1,None,None
indium chloride,0.9,tris(dimethylamino)phosphine,1.4,None,0,None,0,None,0,oleylamine,15.2,zinc chloride,0.9,None,0,5.002,220,10,3,None,None
indium acetate,0.34,tris(trimethylsilyl)phosphine,0.23,octadecene,9,None,0,oleic acid,1,None,0,None,0,None,0,9,310,10,3.2,None,None
indium iodide,0.9,tris(dimethylamino)phosphine,1.3,None,0,None,0,None,0,oleylamine,6,zinc chloride,2.2,None,0,1.975,180,2,None,485,None
indium chloride,0.1,tris(trimethylsilyl)phosphine,0.1,trioctylphosphine,5,None,0,None,0,None,0,zinc oleate,2,None,0,5,280,60,2.3,423,485
indium chloride,0.5,tris(dimethylamino)phosphine,2.75,None,0,None,0,None,0,oleylamine,6.15,zinc chloride,1.5,zinc iodide,0.5,2.024,180,30,3,490,560
indium acetate,0.1,tris(trimethylsilyl)phosphine,0.1,octadecene,6.75,None,0,oleic acid,0.91,None,0,zinc oleate,0.1,None,0,6.75,300,10,None,455,507
indium acetate,0.1,tris(trimethylsilyl)phosphine,0.1,octadecene,6.75,None,0,oleic acid,0.268,None,0,zinc oleate,0.1,None,0,6.75,300,10,None,460,518
indium acetate,0.1,tris(trimethylsilyl)phosphine,0.1,octadecene,6.75,None,0,oleic acid,0.288,None,0,zinc oleate,0.1,None,0,6.75,300,10,None,457,522
indium acetate,0.1,tris(trimethylsilyl)phosphine,0.1,octadecene,6.75,None,0,oleic acid,0.308,None,0,zinc oleate,0.1,None,0,6.75,300,10,None,456,525
indium acetate,0.1,tris(trimethylsilyl)phosphine,0.1,octadecene,6.75,None,0,oleic acid,0.248,None,0,zinc oleate,0.1,None,0,6.75,300,10,None,470,530
indium chloride,0.45,tris(diethylamino)phosphine,0,None,0,None,0,None,0,oleylamine,15,None,0,None,0,4.936,180,3,None,490,None
indium chloride,0.45,tris(diethylamino)phosphine,1.6,toluene,3,None,0,None,0,oleylamine,15.19,zinc chloride,2.2,None,0,7.998,180,30,None,575,None
indium chloride,0.45,tris(diethylamino)phosphine,0,None,0,None,0,None,0,oleylamine,15,None,0,None,0,4.936,180,120,2.5,550,None
indium iodide,0.45,tris(dimethylamino)phosphine,1,None,0,None,0,None,0,oleylamine,3.7,zinc chloride,1.1,None,0,1.218,180,3,1.7,480,None
indium acetate,0.08,tris(trimethylsilyl)phosphine,0.08,octadecene,7,None,0,myristic acid,0.26,octylamine,0.38,None,0,None,0,7.063,200,30,2.1,460,590
indium acetate,1,tris(trimethylsilyl)phosphine,1,None,0,None,0,None,0,dodecanethiol,0.5,zinc stearate,2,None,0,0.12,300,30,None,539,480
indium acetate,1,tris(trimethylsilyl)phosphine,1,octadecene,1,None,0,None,0,dodecanethiol,0.5,zinc octanoate,2,None,0,1.12,180,60,None,None,500
indium acetate,1,tris(trimethylsilyl)phosphine,1,octadecene,1,None,0,None,0,dodecanethiol,0.5,zinc octanoate,2,None,0,1.12,180,120,None,None,520
indium acetate,1,tris(trimethylsilyl)phosphine,1,octadecene,1,None,0,None,0,dodecanethiol,0.5,zinc octanoate,2,None,0,1.12,180,240,None,None,538
indium acetate,1,tris(trimethylsilyl)phosphine,1,octadecene,1,None,0,None,0,dodecanethiol,0.5,zinc octanoate,2,None,0,1.12,200,75,None,None,540
indium acetate,1,tris(trimethylsilyl)phosphine,1,octadecene,1,None,0,None,0,dodecanethiol,0.5,zinc octanoate,2,None,0,1.12,280,30,None,None,590
indium acetate,1,tris(trimethylsilyl)phosphine,1,octadecene,1,None,0,None,0,dodecanethiol,0.5,zinc octanoate,2,None,0,1.12,280,120,None,None,600
indium acetate,4,tris(trimethylsilyl)phosphine,2,octadecene,17,None,0,myristic acid,14.5,None,0,None,0,None,0,17,285,20,2.4,530,579
indium acetate,0.2,tris(trimethylsilyl)phosphine,0.1,octadecene,10,trioctylphosphine,0.5,palmitic acid,0.6,None,0,None,0,None,0,10.5,280,20,2.5,580,None
indium chloride,0.23,tris(diethylamino)phosphine,0.8,None,0,None,0,None,0,oleylamine,7.5,zinc chloride,1.1,None,0,2.468,180,20,2.9,573,618
indium chloride,0.1,tris(trimethylsilyl)phosphine,0.2,octadecene,6,None,0,stearic acid,0.01,hexadecylamine,0.2,zinc undecylenate,0.01,None,0,6.052,230,20,3.2,555,645
indium acetate,0.2,tris(trimethylsilyl)phosphine,0.1,octadecene,10,trioctylphosphine,0.5,palmitic acid,0.6,None,0,None,0,None,0,10.5,280,20,3.26,584,615
indium chloride,0.45,tris(diethylamino)phosphine,1.6,octadecene,11,None,0,myristic acid,0.45,oleylamine,9,zinc iodide,2.2,None,0,13.962,150,30,None,405,470
indium chloride,0.45,tris(diethylamino)phosphine,1.6,octadecene,11,None,0,myristic acid,1.35,oleylamine,9,zinc iodide,2.2,None,0,13.962,150,30,None,416,475
indium chloride,0.45,tris(diethylamino)phosphine,1.6,octadecene,11,None,0,myristic acid,1.35,oleylamine,9,zinc bromide,2.2,None,0,13.962,150,30,None,448,501
indium chloride,0.45,tris(diethylamino)phosphine,1.6,octadecene,11,None,0,myristic acid,0.45,oleylamine,9,zinc bromide,2.2,None,0,13.962,150,30,None,439,502
indium chloride,0.45,tris(diethylamino)phosphine,1.6,None,0,None,0,None,0,oleylamine,33,zinc iodide,2.2,None,0,10.858,150,30,None,428,502
indium chloride,0.45,tris(diethylamino)phosphine,1.6,None,0,None,0,None,0,oleylamine,15,zinc iodide,2.2,None,0,4.936,180,30,None,423,507
indium chloride,0.45,tris(diethylamino)phosphine,1.6,None,0,None,0,None,0,oleylamine,15,zinc bromide,2.2,None,0,4.936,180,30,None,573,531
indium chloride,0.45,tris(diethylamino)phosphine,1.6,None,0,None,0,None,0,oleylamine,33,zinc bromide,2.2,None,0,10.858,150,30,None,478,538
indium chloride,0.45,tris(diethylamino)phosphine,1.6,octadecene,11,None,0,myristic acid,0.45,oleylamine,9,zinc chloride,2.2,None,0,13.962,150,30,None,515,551
indium chloride,0.45,tris(diethylamino)phosphine,1.6,octadecene,11,None,0,myristic acid,1.35,oleylamine,9,zinc chloride,2.2,None,0,13.962,150,30,None,508,555
indium acetate,1,tris(trimethylsilyl)phosphine,1,octadecene,1,None,0,None,0,dodecanethiol,0.5,zinc octanoate,2,None,0,1.12,230,30,None,None,560
indium chloride,0.45,tris(diethylamino)phosphine,1.6,None,0,None,0,None,0,oleylamine,33,zinc chloride,2.2,None,0,10.858,150,30,None,568,606
indium chloride,0.45,tris(diethylamino)phosphine,1.6,None,0,None,0,None,0,oleylamine,15,zinc chloride,2.2,None,0,4.936,180,30,None,570,607
indium chloride,0.1,tris(trimethylsilyl)phosphine,0.1,octadecene,3,None,0,stearic acid,0.1,hexadecylamine ,0.2,zinc undecylenate,0.08,None,0,3.052,240,20,None,570,630
indium acetate,0.1,tris(trimethylsilyl)phosphine,0.1,octadecene,10,None,0,oleic acid,0.3,None,0,zinc oleate,0.13,None,0,10,300,10,None,460,480
indium acetate,0.2,phosphine gas,0.19,octadecene,15,None,0,myristic acid,0.6,None,0,None,0,None,0,15,240,13,None,620,None
indium acetate,0.2,phosphine gas,0.19,octadecene,15,None,0,myristic acid,0.6,None,0,None,0,None,0,15,240,5,None,570,None
indium acetate,0.2,phosphine gas,0.19,octadecene,15,None,0,myristic acid,0.6,None,0,None,0,None,0,15,240,20,None,590,610
indium chloride,0.3,tris(trimethylsilyl)phosphine,0.3,octadecene,9,None,0,oleic acid,0.34,oleylamine,0.62,zinc undecylenate,0.3,None,0,9.204,210,20,1.95,595,620
indium chloride,0.23,tris(diethylamino)phosphine,0.8,None,0,None,0,None,0,oleylamine,7.5,zinc chloride,1.1,None,0,2.468,180,20,3.2,None,None
indium acetate,0.1,phosphine gas,3,octadecene,2,None,0,myristic acid,0.3,None,0,None,0,None,0,2,230,15,4.5,623,None
indium acetate,0.1,phosphine gas,3,octadecene,2,None,0,myristic acid,0.3,None,0,None,0,None,0,2,260,15,4.5,660,None
indium iodide,0.3,tris(dimethylamino)phosphine,0.66,None,0,None,0,None,0,oleylamine,6,zinc chloride,0.73,None,0,1.975,180,2,None,505,530
indium acetate,0.2,phosphine gas,0.19,octadecene,15,None,0,myristic acid,0.6,None,0,None,0,None,0,15,200,15,None,548,None
indium acetate,0.2,phosphine gas,0.19,octadecene,15,None,0,myristic acid,0.6,None,0,None,0,None,0,15,220,15,None,570,None
indium acetate,0.2,phosphine gas,0.19,octadecene,15,None,0,myristic acid,0.6,None,0,None,0,None,0,15,260,15,None,600,None
